<?xml version="1.0" encoding="UTF-8" standalone="yes"?>
<worksheet xmlns="http://schemas.openxmlformats.org/spreadsheetml/2006/main" xmlns:r="http://schemas.openxmlformats.org/officeDocument/2006/relationships"><dimension ref="A1:B8"/><sheetViews><sheetView tabSelected="1" workbookViewId="0"><selection activeCell="A6" sqref="A6"/></sheetView></sheetViews><sheetFormatPr baseColWidth="10" defaultRowHeight="15"/><cols><col min="1" max="1" width="11.85546875" customWidth="1"/></cols><sheetData><row r="1" spans="1:2"><c r="A1" s="1" t="s"><v>5</v></c><c r="B1" s="1" t="s"><v>0</v></c></row><row r="2" spans="1:2"><c r="A2" s="1" t="s"><v>1</v></c><c r="B2" s="1"><v>8.1999999999999993</v></c></row><row r="3" spans="1:2"><c r="A3" s="1" t="s"><v>2</v></c><c r="B3" s="1"><v>3.2</v></c></row><row r="4" spans="1:2"><c r="A4" s="1" t="s"><v>3</v></c><c r="B4" s="1"><v>1.4</v></c></row><row r="5" spans="1:2"><c r="A5" s="1" t="s"><v>4</v></c><c r="B5" s="1"><v>1.2</v></c></row><row r="8" spans="1:2"><c r="B8" t="s"><v>6</v></c></row></sheetData><pageMargins left="0.7" right="0.7" top="0.75" bottom="0.75" header="0.3" footer="0.3"/><tableParts count="1"><tablePart r:id="rId1"/></tableParts></worksheet>