<?xml version="1.0" encoding="UTF-8" standalone="yes"?>
<styleSheet xmlns="http://schemas.openxmlformats.org/spreadsheetml/2006/main"><fonts count="2"><font><sz val="11"/><color theme="1"/><name val="Calibri"/><family val="2"/><scheme val="minor"/></font><font><b/><sz val="10"/><color theme="1"/><name val="Verdana"/><family val="2"/></font></fonts><fills count="2"><fill><patternFill patternType="none"/></fill><fill><patternFill patternType="gray125"/></fill></fills><borders count="1"><border><left/><right/><top/><bottom/><diagonal/></border></borders><cellStyleXfs count="1"><xf numFmtId="0" fontId="0" fillId="0" borderId="0"/></cellStyleXfs><cellXfs count="3"><xf numFmtId="0" fontId="0" fillId="0" borderId="0" xfId="0"/><xf numFmtId="0" fontId="0" fillId="0" borderId="0" xfId="0" applyBorder="1"/><xf numFmtId="0" fontId="1" fillId="0" borderId="0" xfId="0" applyFont="1"/></cellXfs><cellStyles count="1"><cellStyle name="Normal" xfId="0" builtinId="0"/></cellStyles><dxfs count="1"><dxf><border diagonalUp="0" diagonalDown="0"><left style="thin"><color indexed="12"/></left><right style="thin"><color indexed="12"/></right><top style="thin"><color indexed="12"/></top><bottom style="thin"><color indexed="12"/></bottom></border></dxf></dxfs><tableStyles count="0" defaultTableStyle="TableStyleMedium9" defaultPivotStyle="PivotStyleLight16"/></styleSheet>