<?xml version="1.0" encoding="UTF-8" standalone="yes"?>
<workbook xmlns="http://schemas.openxmlformats.org/spreadsheetml/2006/main" xmlns:r="http://schemas.openxmlformats.org/officeDocument/2006/relationships"><fileVersion appName="xl" lastEdited="4" lowestEdited="4" rupBuild="4506"/><workbookPr defaultThemeVersion="124226"/><bookViews><workbookView xWindow="240" yWindow="135" windowWidth="24720" windowHeight="15150"/></bookViews><sheets><sheet name="Hoja1" sheetId="1" r:id="rId1"/></sheets><calcPr calcId="125725"/><fileRecoveryPr repairLoad="1"/></workbook>